DateKey,Date,Year,Quarter,MonthNumber,MonthName,MonthYear,WeekOfYear,DayOfWeek,DayName,IsWeekend,FinancialYear
20240601,2024-06-01,2024,Q2,6,June,Jun 2024,22,6,Saturday,True,FY2024
20240602,2024-06-02,2024,Q2,6,June,Jun 2024,22,7,Sunday,True,FY2024
20240603,2024-06-03,2024,Q2,6,June,Jun 2024,23,1,Monday,False,FY2024
20240604,2024-06-04,2024,Q2,6,June,Jun 2024,23,2,Tuesday,False,FY2024
20240605,2024-06-05,2024,Q2,6,June,Jun 2024,23,3,Wednesday,False,FY2024
20240606,2024-06-06,2024,Q2,6,June,Jun 2024,23,4,Thursday,False,FY2024
20240607,2024-06-07,2024,Q2,6,June,Jun 2024,23,5,Friday,False,FY2024
20240608,2024-06-08,2024,Q2,6,June,Jun 2024,23,6,Saturday,True,FY2024
20240609,2024-06-09,2024,Q2,6,June,Jun 2024,23,7,Sunday,True,FY2024
20240610,2024-06-10,2024,Q2,6,June,Jun 2024,24,1,Monday,False,FY2024
20240611,2024-06-11,2024,Q2,6,June,Jun 2024,24,2,Tuesday,False,FY2024
20240612,2024-06-12,2024,Q2,6,June,Jun 2024,24,3,Wednesday,False,FY2024
20240613,2024-06-13,2024,Q2,6,June,Jun 2024,24,4,Thursday,False,FY2024
20240614,2024-06-14,2024,Q2,6,June,Jun 2024,24,5,Friday,False,FY2024
20240615,2024-06-15,2024,Q2,6,June,Jun 2024,24,6,Saturday,True,FY2024
20240616,2024-06-16,2024,Q2,6,June,Jun 2024,24,7,Sunday,True,FY2024
20240617,2024-06-17,2024,Q2,6,June,Jun 2024,25,1,Monday,False,FY2024
20240618,2024-06-18,2024,Q2,6,June,Jun 2024,25,2,Tuesday,False,FY2024
20240619,2024-06-19,2024,Q2,6,June,Jun 2024,25,3,Wednesday,False,FY2024
20240620,2024-06-20,2024,Q2,6,June,Jun 2024,25,4,Thursday,False,FY2024
20240621,2024-06-21,2024,Q2,6,June,Jun 2024,25,5,Friday,False,FY2024
20240622,2024-06-22,2024,Q2,6,June,Jun 2024,25,6,Saturday,True,FY2024
20240623,2024-06-23,2024,Q2,6,June,Jun 2024,25,7,Sunday,True,FY2024
20240624,2024-06-24,2024,Q2,6,June,Jun 2024,26,1,Monday,False,FY2024
20240625,2024-06-25,2024,Q2,6,June,Jun 2024,26,2,Tuesday,False,FY2024
20240626,2024-06-26,2024,Q2,6,June,Jun 2024,26,3,Wednesday,False,FY2024
20240627,2024-06-27,2024,Q2,6,June,Jun 2024,26,4,Thursday,False,FY2024
20240628,2024-06-28,2024,Q2,6,June,Jun 2024,26,5,Friday,False,FY2024
20240629,2024-06-29,2024,Q2,6,June,Jun 2024,26,6,Saturday,True,FY2024
20240630,2024-06-30,2024,Q2,6,June,Jun 2024,26,7,Sunday,True,FY2024
20240701,2024-07-01,2024,Q3,7,July,Jul 2024,27,1,Monday,False,FY2025
20240702,2024-07-02,2024,Q3,7,July,Jul 2024,27,2,Tuesday,False,FY2025
20240703,2024-07-03,2024,Q3,7,July,Jul 2024,27,3,Wednesday,False,FY2025
20240704,2024-07-04,2024,Q3,7,July,Jul 2024,27,4,Thursday,False,FY2025
20240705,2024-07-05,2024,Q3,7,July,Jul 2024,27,5,Friday,False,FY2025
20240706,2024-07-06,2024,Q3,7,July,Jul 2024,27,6,Saturday,True,FY2025
20240707,2024-07-07,2024,Q3,7,July,Jul 2024,27,7,Sunday,True,FY2025
20240708,2024-07-08,2024,Q3,7,July,Jul 2024,28,1,Monday,False,FY2025
20240709,2024-07-09,2024,Q3,7,July,Jul 2024,28,2,Tuesday,False,FY2025
20240710,2024-07-10,2024,Q3,7,July,Jul 2024,28,3,Wednesday,False,FY2025
20240711,2024-07-11,2024,Q3,7,July,Jul 2024,28,4,Thursday,False,FY2025
20240712,2024-07-12,2024,Q3,7,July,Jul 2024,28,5,Friday,False,FY2025
20240713,2024-07-13,2024,Q3,7,July,Jul 2024,28,6,Saturday,True,FY2025
20240714,2024-07-14,2024,Q3,7,July,Jul 2024,28,7,Sunday,True,FY2025
20240715,2024-07-15,2024,Q3,7,July,Jul 2024,29,1,Monday,False,FY2025
20240716,2024-07-16,2024,Q3,7,July,Jul 2024,29,2,Tuesday,False,FY2025
20240717,2024-07-17,2024,Q3,7,July,Jul 2024,29,3,Wednesday,False,FY2025
20240718,2024-07-18,2024,Q3,7,July,Jul 2024,29,4,Thursday,False,FY2025
20240719,2024-07-19,2024,Q3,7,July,Jul 2024,29,5,Friday,False,FY2025
20240720,2024-07-20,2024,Q3,7,July,Jul 2024,29,6,Saturday,True,FY2025
20240721,2024-07-21,2024,Q3,7,July,Jul 2024,29,7,Sunday,True,FY2025
20240722,2024-07-22,2024,Q3,7,July,Jul 2024,30,1,Monday,False,FY2025
20240723,2024-07-23,2024,Q3,7,July,Jul 2024,30,2,Tuesday,False,FY2025
20240724,2024-07-24,2024,Q3,7,July,Jul 2024,30,3,Wednesday,False,FY2025
20240725,2024-07-25,2024,Q3,7,July,Jul 2024,30,4,Thursday,False,FY2025
20240726,2024-07-26,2024,Q3,7,July,Jul 2024,30,5,Friday,False,FY2025
20240727,2024-07-27,2024,Q3,7,July,Jul 2024,30,6,Saturday,True,FY2025
20240728,2024-07-28,2024,Q3,7,July,Jul 2024,30,7,Sunday,True,FY2025
20240729,2024-07-29,2024,Q3,7,July,Jul 2024,31,1,Monday,False,FY2025
20240730,2024-07-30,2024,Q3,7,July,Jul 2024,31,2,Tuesday,False,FY2025
20240731,2024-07-31,2024,Q3,7,July,Jul 2024,31,3,Wednesday,False,FY2025
20240801,2024-08-01,2024,Q3,8,August,Aug 2024,31,4,Thursday,False,FY2025
20240802,2024-08-02,2024,Q3,8,August,Aug 2024,31,5,Friday,False,FY2025
20240803,2024-08-03,2024,Q3,8,August,Aug 2024,31,6,Saturday,True,FY2025
20240804,2024-08-04,2024,Q3,8,August,Aug 2024,31,7,Sunday,True,FY2025
20240805,2024-08-05,2024,Q3,8,August,Aug 2024,32,1,Monday,False,FY2025
20240806,2024-08-06,2024,Q3,8,August,Aug 2024,32,2,Tuesday,False,FY2025
20240807,2024-08-07,2024,Q3,8,August,Aug 2024,32,3,Wednesday,False,FY2025
20240808,2024-08-08,2024,Q3,8,August,Aug 2024,32,4,Thursday,False,FY2025
20240809,2024-08-09,2024,Q3,8,August,Aug 2024,32,5,Friday,False,FY2025
20240810,2024-08-10,2024,Q3,8,August,Aug 2024,32,6,Saturday,True,FY2025
20240811,2024-08-11,2024,Q3,8,August,Aug 2024,32,7,Sunday,True,FY2025
20240812,2024-08-12,2024,Q3,8,August,Aug 2024,33,1,Monday,False,FY2025
20240813,2024-08-13,2024,Q3,8,August,Aug 2024,33,2,Tuesday,False,FY2025
20240814,2024-08-14,2024,Q3,8,August,Aug 2024,33,3,Wednesday,False,FY2025
20240815,2024-08-15,2024,Q3,8,August,Aug 2024,33,4,Thursday,False,FY2025
20240816,2024-08-16,2024,Q3,8,August,Aug 2024,33,5,Friday,False,FY2025
20240817,2024-08-17,2024,Q3,8,August,Aug 2024,33,6,Saturday,True,FY2025
20240818,2024-08-18,2024,Q3,8,August,Aug 2024,33,7,Sunday,True,FY2025
20240819,2024-08-19,2024,Q3,8,August,Aug 2024,34,1,Monday,False,FY2025
20240820,2024-08-20,2024,Q3,8,August,Aug 2024,34,2,Tuesday,False,FY2025
20240821,2024-08-21,2024,Q3,8,August,Aug 2024,34,3,Wednesday,False,FY2025
20240822,2024-08-22,2024,Q3,8,August,Aug 2024,34,4,Thursday,False,FY2025
20240823,2024-08-23,2024,Q3,8,August,Aug 2024,34,5,Friday,False,FY2025
20240824,2024-08-24,2024,Q3,8,August,Aug 2024,34,6,Saturday,True,FY2025
20240825,2024-08-25,2024,Q3,8,August,Aug 2024,34,7,Sunday,True,FY2025
20240826,2024-08-26,2024,Q3,8,August,Aug 2024,35,1,Monday,False,FY2025
20240827,2024-08-27,2024,Q3,8,August,Aug 2024,35,2,Tuesday,False,FY2025
20240828,2024-08-28,2024,Q3,8,August,Aug 2024,35,3,Wednesday,False,FY2025
20240829,2024-08-29,2024,Q3,8,August,Aug 2024,35,4,Thursday,False,FY2025
20240830,2024-08-30,2024,Q3,8,August,Aug 2024,35,5,Friday,False,FY2025
20240831,2024-08-31,2024,Q3,8,August,Aug 2024,35,6,Saturday,True,FY2025
20240901,2024-09-01,2024,Q3,9,September,Sep 2024,35,7,Sunday,True,FY2025
20240902,2024-09-02,2024,Q3,9,September,Sep 2024,36,1,Monday,False,FY2025
20240903,2024-09-03,2024,Q3,9,September,Sep 2024,36,2,Tuesday,False,FY2025
20240904,2024-09-04,2024,Q3,9,September,Sep 2024,36,3,Wednesday,False,FY2025
20240905,2024-09-05,2024,Q3,9,September,Sep 2024,36,4,Thursday,False,FY2025
20240906,2024-09-06,2024,Q3,9,September,Sep 2024,36,5,Friday,False,FY2025
20240907,2024-09-07,2024,Q3,9,September,Sep 2024,36,6,Saturday,True,FY2025
20240908,2024-09-08,2024,Q3,9,September,Sep 2024,36,7,Sunday,True,FY2025
20240909,2024-09-09,2024,Q3,9,September,Sep 2024,37,1,Monday,False,FY2025
20240910,2024-09-10,2024,Q3,9,September,Sep 2024,37,2,Tuesday,False,FY2025
20240911,2024-09-11,2024,Q3,9,September,Sep 2024,37,3,Wednesday,False,FY2025
20240912,2024-09-12,2024,Q3,9,September,Sep 2024,37,4,Thursday,False,FY2025
20240913,2024-09-13,2024,Q3,9,September,Sep 2024,37,5,Friday,False,FY2025
20240914,2024-09-14,2024,Q3,9,September,Sep 2024,37,6,Saturday,True,FY2025
20240915,2024-09-15,2024,Q3,9,September,Sep 2024,37,7,Sunday,True,FY2025
20240916,2024-09-16,2024,Q3,9,September,Sep 2024,38,1,Monday,False,FY2025
20240917,2024-09-17,2024,Q3,9,September,Sep 2024,38,2,Tuesday,False,FY2025
20240918,2024-09-18,2024,Q3,9,September,Sep 2024,38,3,Wednesday,False,FY2025
20240919,2024-09-19,2024,Q3,9,September,Sep 2024,38,4,Thursday,False,FY2025
20240920,2024-09-20,2024,Q3,9,September,Sep 2024,38,5,Friday,False,FY2025
20240921,2024-09-21,2024,Q3,9,September,Sep 2024,38,6,Saturday,True,FY2025
20240922,2024-09-22,2024,Q3,9,September,Sep 2024,38,7,Sunday,True,FY2025
20240923,2024-09-23,2024,Q3,9,September,Sep 2024,39,1,Monday,False,FY2025
20240924,2024-09-24,2024,Q3,9,September,Sep 2024,39,2,Tuesday,False,FY2025
20240925,2024-09-25,2024,Q3,9,September,Sep 2024,39,3,Wednesday,False,FY2025
20240926,2024-09-26,2024,Q3,9,September,Sep 2024,39,4,Thursday,False,FY2025
20240927,2024-09-27,2024,Q3,9,September,Sep 2024,39,5,Friday,False,FY2025
20240928,2024-09-28,2024,Q3,9,September,Sep 2024,39,6,Saturday,True,FY2025
20240929,2024-09-29,2024,Q3,9,September,Sep 2024,39,7,Sunday,True,FY2025
20240930,2024-09-30,2024,Q3,9,September,Sep 2024,40,1,Monday,False,FY2025
20241001,2024-10-01,2024,Q4,10,October,Oct 2024,40,2,Tuesday,False,FY2025
20241002,2024-10-02,2024,Q4,10,October,Oct 2024,40,3,Wednesday,False,FY2025
20241003,2024-10-03,2024,Q4,10,October,Oct 2024,40,4,Thursday,False,FY2025
20241004,2024-10-04,2024,Q4,10,October,Oct 2024,40,5,Friday,False,FY2025
20241005,2024-10-05,2024,Q4,10,October,Oct 2024,40,6,Saturday,True,FY2025
20241006,2024-10-06,2024,Q4,10,October,Oct 2024,40,7,Sunday,True,FY2025
20241007,2024-10-07,2024,Q4,10,October,Oct 2024,41,1,Monday,False,FY2025
20241008,2024-10-08,2024,Q4,10,October,Oct 2024,41,2,Tuesday,False,FY2025
20241009,2024-10-09,2024,Q4,10,October,Oct 2024,41,3,Wednesday,False,FY2025
20241010,2024-10-10,2024,Q4,10,October,Oct 2024,41,4,Thursday,False,FY2025
20241011,2024-10-11,2024,Q4,10,October,Oct 2024,41,5,Friday,False,FY2025
20241012,2024-10-12,2024,Q4,10,October,Oct 2024,41,6,Saturday,True,FY2025
20241013,2024-10-13,2024,Q4,10,October,Oct 2024,41,7,Sunday,True,FY2025
20241014,2024-10-14,2024,Q4,10,October,Oct 2024,42,1,Monday,False,FY2025
20241015,2024-10-15,2024,Q4,10,October,Oct 2024,42,2,Tuesday,False,FY2025
20241016,2024-10-16,2024,Q4,10,October,Oct 2024,42,3,Wednesday,False,FY2025
20241017,2024-10-17,2024,Q4,10,October,Oct 2024,42,4,Thursday,False,FY2025
20241018,2024-10-18,2024,Q4,10,October,Oct 2024,42,5,Friday,False,FY2025
20241019,2024-10-19,2024,Q4,10,October,Oct 2024,42,6,Saturday,True,FY2025
20241020,2024-10-20,2024,Q4,10,October,Oct 2024,42,7,Sunday,True,FY2025
20241021,2024-10-21,2024,Q4,10,October,Oct 2024,43,1,Monday,False,FY2025
20241022,2024-10-22,2024,Q4,10,October,Oct 2024,43,2,Tuesday,False,FY2025
20241023,2024-10-23,2024,Q4,10,October,Oct 2024,43,3,Wednesday,False,FY2025
20241024,2024-10-24,2024,Q4,10,October,Oct 2024,43,4,Thursday,False,FY2025
20241025,2024-10-25,2024,Q4,10,October,Oct 2024,43,5,Friday,False,FY2025
20241026,2024-10-26,2024,Q4,10,October,Oct 2024,43,6,Saturday,True,FY2025
20241027,2024-10-27,2024,Q4,10,October,Oct 2024,43,7,Sunday,True,FY2025
20241028,2024-10-28,2024,Q4,10,October,Oct 2024,44,1,Monday,False,FY2025
20241029,2024-10-29,2024,Q4,10,October,Oct 2024,44,2,Tuesday,False,FY2025
20241030,2024-10-30,2024,Q4,10,October,Oct 2024,44,3,Wednesday,False,FY2025
20241031,2024-10-31,2024,Q4,10,October,Oct 2024,44,4,Thursday,False,FY2025
20241101,2024-11-01,2024,Q4,11,November,Nov 2024,44,5,Friday,False,FY2025
20241102,2024-11-02,2024,Q4,11,November,Nov 2024,44,6,Saturday,True,FY2025
20241103,2024-11-03,2024,Q4,11,November,Nov 2024,44,7,Sunday,True,FY2025
20241104,2024-11-04,2024,Q4,11,November,Nov 2024,45,1,Monday,False,FY2025
20241105,2024-11-05,2024,Q4,11,November,Nov 2024,45,2,Tuesday,False,FY2025
20241106,2024-11-06,2024,Q4,11,November,Nov 2024,45,3,Wednesday,False,FY2025
20241107,2024-11-07,2024,Q4,11,November,Nov 2024,45,4,Thursday,False,FY2025
20241108,2024-11-08,2024,Q4,11,November,Nov 2024,45,5,Friday,False,FY2025
20241109,2024-11-09,2024,Q4,11,November,Nov 2024,45,6,Saturday,True,FY2025
20241110,2024-11-10,2024,Q4,11,November,Nov 2024,45,7,Sunday,True,FY2025
20241111,2024-11-11,2024,Q4,11,November,Nov 2024,46,1,Monday,False,FY2025
20241112,2024-11-12,2024,Q4,11,November,Nov 2024,46,2,Tuesday,False,FY2025
20241113,2024-11-13,2024,Q4,11,November,Nov 2024,46,3,Wednesday,False,FY2025
20241114,2024-11-14,2024,Q4,11,November,Nov 2024,46,4,Thursday,False,FY2025
20241115,2024-11-15,2024,Q4,11,November,Nov 2024,46,5,Friday,False,FY2025
20241116,2024-11-16,2024,Q4,11,November,Nov 2024,46,6,Saturday,True,FY2025
20241117,2024-11-17,2024,Q4,11,November,Nov 2024,46,7,Sunday,True,FY2025
20241118,2024-11-18,2024,Q4,11,November,Nov 2024,47,1,Monday,False,FY2025
20241119,2024-11-19,2024,Q4,11,November,Nov 2024,47,2,Tuesday,False,FY2025
20241120,2024-11-20,2024,Q4,11,November,Nov 2024,47,3,Wednesday,False,FY2025
20241121,2024-11-21,2024,Q4,11,November,Nov 2024,47,4,Thursday,False,FY2025
20241122,2024-11-22,2024,Q4,11,November,Nov 2024,47,5,Friday,False,FY2025
20241123,2024-11-23,2024,Q4,11,November,Nov 2024,47,6,Saturday,True,FY2025
20241124,2024-11-24,2024,Q4,11,November,Nov 2024,47,7,Sunday,True,FY2025
20241125,2024-11-25,2024,Q4,11,November,Nov 2024,48,1,Monday,False,FY2025
20241126,2024-11-26,2024,Q4,11,November,Nov 2024,48,2,Tuesday,False,FY2025
20241127,2024-11-27,2024,Q4,11,November,Nov 2024,48,3,Wednesday,False,FY2025
20241128,2024-11-28,2024,Q4,11,November,Nov 2024,48,4,Thursday,False,FY2025
20241129,2024-11-29,2024,Q4,11,November,Nov 2024,48,5,Friday,False,FY2025
20241130,2024-11-30,2024,Q4,11,November,Nov 2024,48,6,Saturday,True,FY2025
20241201,2024-12-01,2024,Q4,12,December,Dec 2024,48,7,Sunday,True,FY2025
20241202,2024-12-02,2024,Q4,12,December,Dec 2024,49,1,Monday,False,FY2025
20241203,2024-12-03,2024,Q4,12,December,Dec 2024,49,2,Tuesday,False,FY2025
20241204,2024-12-04,2024,Q4,12,December,Dec 2024,49,3,Wednesday,False,FY2025
20241205,2024-12-05,2024,Q4,12,December,Dec 2024,49,4,Thursday,False,FY2025
20241206,2024-12-06,2024,Q4,12,December,Dec 2024,49,5,Friday,False,FY2025
20241207,2024-12-07,2024,Q4,12,December,Dec 2024,49,6,Saturday,True,FY2025
20241208,2024-12-08,2024,Q4,12,December,Dec 2024,49,7,Sunday,True,FY2025
20241209,2024-12-09,2024,Q4,12,December,Dec 2024,50,1,Monday,False,FY2025
20241210,2024-12-10,2024,Q4,12,December,Dec 2024,50,2,Tuesday,False,FY2025
20241211,2024-12-11,2024,Q4,12,December,Dec 2024,50,3,Wednesday,False,FY2025
20241212,2024-12-12,2024,Q4,12,December,Dec 2024,50,4,Thursday,False,FY2025
20241213,2024-12-13,2024,Q4,12,December,Dec 2024,50,5,Friday,False,FY2025
20241214,2024-12-14,2024,Q4,12,December,Dec 2024,50,6,Saturday,True,FY2025
20241215,2024-12-15,2024,Q4,12,December,Dec 2024,50,7,Sunday,True,FY2025
20241216,2024-12-16,2024,Q4,12,December,Dec 2024,51,1,Monday,False,FY2025
20241217,2024-12-17,2024,Q4,12,December,Dec 2024,51,2,Tuesday,False,FY2025
20241218,2024-12-18,2024,Q4,12,December,Dec 2024,51,3,Wednesday,False,FY2025
20241219,2024-12-19,2024,Q4,12,December,Dec 2024,51,4,Thursday,False,FY2025
20241220,2024-12-20,2024,Q4,12,December,Dec 2024,51,5,Friday,False,FY2025
20241221,2024-12-21,2024,Q4,12,December,Dec 2024,51,6,Saturday,True,FY2025
20241222,2024-12-22,2024,Q4,12,December,Dec 2024,51,7,Sunday,True,FY2025
20241223,2024-12-23,2024,Q4,12,December,Dec 2024,52,1,Monday,False,FY2025
20241224,2024-12-24,2024,Q4,12,December,Dec 2024,52,2,Tuesday,False,FY2025
20241225,2024-12-25,2024,Q4,12,December,Dec 2024,52,3,Wednesday,False,FY2025
20241226,2024-12-26,2024,Q4,12,December,Dec 2024,52,4,Thursday,False,FY2025
20241227,2024-12-27,2024,Q4,12,December,Dec 2024,52,5,Friday,False,FY2025
20241228,2024-12-28,2024,Q4,12,December,Dec 2024,52,6,Saturday,True,FY2025
20241229,2024-12-29,2024,Q4,12,December,Dec 2024,52,7,Sunday,True,FY2025
20241230,2024-12-30,2024,Q4,12,December,Dec 2024,1,1,Monday,False,FY2025
20241231,2024-12-31,2024,Q4,12,December,Dec 2024,1,2,Tuesday,False,FY2025
20250101,2025-01-01,2025,Q1,1,January,Jan 2025,1,3,Wednesday,False,FY2025
20250102,2025-01-02,2025,Q1,1,January,Jan 2025,1,4,Thursday,False,FY2025
20250103,2025-01-03,2025,Q1,1,January,Jan 2025,1,5,Friday,False,FY2025
20250104,2025-01-04,2025,Q1,1,January,Jan 2025,1,6,Saturday,True,FY2025
20250105,2025-01-05,2025,Q1,1,January,Jan 2025,1,7,Sunday,True,FY2025
20250106,2025-01-06,2025,Q1,1,January,Jan 2025,2,1,Monday,False,FY2025
20250107,2025-01-07,2025,Q1,1,January,Jan 2025,2,2,Tuesday,False,FY2025
20250108,2025-01-08,2025,Q1,1,January,Jan 2025,2,3,Wednesday,False,FY2025
20250109,2025-01-09,2025,Q1,1,January,Jan 2025,2,4,Thursday,False,FY2025
20250110,2025-01-10,2025,Q1,1,January,Jan 2025,2,5,Friday,False,FY2025
20250111,2025-01-11,2025,Q1,1,January,Jan 2025,2,6,Saturday,True,FY2025
20250112,2025-01-12,2025,Q1,1,January,Jan 2025,2,7,Sunday,True,FY2025
20250113,2025-01-13,2025,Q1,1,January,Jan 2025,3,1,Monday,False,FY2025
20250114,2025-01-14,2025,Q1,1,January,Jan 2025,3,2,Tuesday,False,FY2025
20250115,2025-01-15,2025,Q1,1,January,Jan 2025,3,3,Wednesday,False,FY2025
20250116,2025-01-16,2025,Q1,1,January,Jan 2025,3,4,Thursday,False,FY2025
20250117,2025-01-17,2025,Q1,1,January,Jan 2025,3,5,Friday,False,FY2025
20250118,2025-01-18,2025,Q1,1,January,Jan 2025,3,6,Saturday,True,FY2025
20250119,2025-01-19,2025,Q1,1,January,Jan 2025,3,7,Sunday,True,FY2025
20250120,2025-01-20,2025,Q1,1,January,Jan 2025,4,1,Monday,False,FY2025
20250121,2025-01-21,2025,Q1,1,January,Jan 2025,4,2,Tuesday,False,FY2025
20250122,2025-01-22,2025,Q1,1,January,Jan 2025,4,3,Wednesday,False,FY2025
20250123,2025-01-23,2025,Q1,1,January,Jan 2025,4,4,Thursday,False,FY2025
20250124,2025-01-24,2025,Q1,1,January,Jan 2025,4,5,Friday,False,FY2025
20250125,2025-01-25,2025,Q1,1,January,Jan 2025,4,6,Saturday,True,FY2025
20250126,2025-01-26,2025,Q1,1,January,Jan 2025,4,7,Sunday,True,FY2025
20250127,2025-01-27,2025,Q1,1,January,Jan 2025,5,1,Monday,False,FY2025
20250128,2025-01-28,2025,Q1,1,January,Jan 2025,5,2,Tuesday,False,FY2025
20250129,2025-01-29,2025,Q1,1,January,Jan 2025,5,3,Wednesday,False,FY2025
20250130,2025-01-30,2025,Q1,1,January,Jan 2025,5,4,Thursday,False,FY2025
20250131,2025-01-31,2025,Q1,1,January,Jan 2025,5,5,Friday,False,FY2025
20250201,2025-02-01,2025,Q1,2,February,Feb 2025,5,6,Saturday,True,FY2025
20250202,2025-02-02,2025,Q1,2,February,Feb 2025,5,7,Sunday,True,FY2025
20250203,2025-02-03,2025,Q1,2,February,Feb 2025,6,1,Monday,False,FY2025
20250204,2025-02-04,2025,Q1,2,February,Feb 2025,6,2,Tuesday,False,FY2025
20250205,2025-02-05,2025,Q1,2,February,Feb 2025,6,3,Wednesday,False,FY2025
20250206,2025-02-06,2025,Q1,2,February,Feb 2025,6,4,Thursday,False,FY2025
20250207,2025-02-07,2025,Q1,2,February,Feb 2025,6,5,Friday,False,FY2025
20250208,2025-02-08,2025,Q1,2,February,Feb 2025,6,6,Saturday,True,FY2025
20250209,2025-02-09,2025,Q1,2,February,Feb 2025,6,7,Sunday,True,FY2025
20250210,2025-02-10,2025,Q1,2,February,Feb 2025,7,1,Monday,False,FY2025
20250211,2025-02-11,2025,Q1,2,February,Feb 2025,7,2,Tuesday,False,FY2025
20250212,2025-02-12,2025,Q1,2,February,Feb 2025,7,3,Wednesday,False,FY2025
20250213,2025-02-13,2025,Q1,2,February,Feb 2025,7,4,Thursday,False,FY2025
20250214,2025-02-14,2025,Q1,2,February,Feb 2025,7,5,Friday,False,FY2025
20250215,2025-02-15,2025,Q1,2,February,Feb 2025,7,6,Saturday,True,FY2025
20250216,2025-02-16,2025,Q1,2,February,Feb 2025,7,7,Sunday,True,FY2025
20250217,2025-02-17,2025,Q1,2,February,Feb 2025,8,1,Monday,False,FY2025
20250218,2025-02-18,2025,Q1,2,February,Feb 2025,8,2,Tuesday,False,FY2025
20250219,2025-02-19,2025,Q1,2,February,Feb 2025,8,3,Wednesday,False,FY2025
20250220,2025-02-20,2025,Q1,2,February,Feb 2025,8,4,Thursday,False,FY2025
20250221,2025-02-21,2025,Q1,2,February,Feb 2025,8,5,Friday,False,FY2025
20250222,2025-02-22,2025,Q1,2,February,Feb 2025,8,6,Saturday,True,FY2025
20250223,2025-02-23,2025,Q1,2,February,Feb 2025,8,7,Sunday,True,FY2025
20250224,2025-02-24,2025,Q1,2,February,Feb 2025,9,1,Monday,False,FY2025
20250225,2025-02-25,2025,Q1,2,February,Feb 2025,9,2,Tuesday,False,FY2025
20250226,2025-02-26,2025,Q1,2,February,Feb 2025,9,3,Wednesday,False,FY2025
20250227,2025-02-27,2025,Q1,2,February,Feb 2025,9,4,Thursday,False,FY2025
20250228,2025-02-28,2025,Q1,2,February,Feb 2025,9,5,Friday,False,FY2025
20250301,2025-03-01,2025,Q1,3,March,Mar 2025,9,6,Saturday,True,FY2025
20250302,2025-03-02,2025,Q1,3,March,Mar 2025,9,7,Sunday,True,FY2025
20250303,2025-03-03,2025,Q1,3,March,Mar 2025,10,1,Monday,False,FY2025
20250304,2025-03-04,2025,Q1,3,March,Mar 2025,10,2,Tuesday,False,FY2025
20250305,2025-03-05,2025,Q1,3,March,Mar 2025,10,3,Wednesday,False,FY2025
20250306,2025-03-06,2025,Q1,3,March,Mar 2025,10,4,Thursday,False,FY2025
20250307,2025-03-07,2025,Q1,3,March,Mar 2025,10,5,Friday,False,FY2025
20250308,2025-03-08,2025,Q1,3,March,Mar 2025,10,6,Saturday,True,FY2025
20250309,2025-03-09,2025,Q1,3,March,Mar 2025,10,7,Sunday,True,FY2025
20250310,2025-03-10,2025,Q1,3,March,Mar 2025,11,1,Monday,False,FY2025
20250311,2025-03-11,2025,Q1,3,March,Mar 2025,11,2,Tuesday,False,FY2025
20250312,2025-03-12,2025,Q1,3,March,Mar 2025,11,3,Wednesday,False,FY2025
20250313,2025-03-13,2025,Q1,3,March,Mar 2025,11,4,Thursday,False,FY2025
20250314,2025-03-14,2025,Q1,3,March,Mar 2025,11,5,Friday,False,FY2025
20250315,2025-03-15,2025,Q1,3,March,Mar 2025,11,6,Saturday,True,FY2025
20250316,2025-03-16,2025,Q1,3,March,Mar 2025,11,7,Sunday,True,FY2025
20250317,2025-03-17,2025,Q1,3,March,Mar 2025,12,1,Monday,False,FY2025
20250318,2025-03-18,2025,Q1,3,March,Mar 2025,12,2,Tuesday,False,FY2025
20250319,2025-03-19,2025,Q1,3,March,Mar 2025,12,3,Wednesday,False,FY2025
20250320,2025-03-20,2025,Q1,3,March,Mar 2025,12,4,Thursday,False,FY2025
20250321,2025-03-21,2025,Q1,3,March,Mar 2025,12,5,Friday,False,FY2025
20250322,2025-03-22,2025,Q1,3,March,Mar 2025,12,6,Saturday,True,FY2025
20250323,2025-03-23,2025,Q1,3,March,Mar 2025,12,7,Sunday,True,FY2025
20250324,2025-03-24,2025,Q1,3,March,Mar 2025,13,1,Monday,False,FY2025
20250325,2025-03-25,2025,Q1,3,March,Mar 2025,13,2,Tuesday,False,FY2025
20250326,2025-03-26,2025,Q1,3,March,Mar 2025,13,3,Wednesday,False,FY2025
20250327,2025-03-27,2025,Q1,3,March,Mar 2025,13,4,Thursday,False,FY2025
20250328,2025-03-28,2025,Q1,3,March,Mar 2025,13,5,Friday,False,FY2025
20250329,2025-03-29,2025,Q1,3,March,Mar 2025,13,6,Saturday,True,FY2025
20250330,2025-03-30,2025,Q1,3,March,Mar 2025,13,7,Sunday,True,FY2025
20250331,2025-03-31,2025,Q1,3,March,Mar 2025,14,1,Monday,False,FY2025
20250401,2025-04-01,2025,Q2,4,April,Apr 2025,14,2,Tuesday,False,FY2025
20250402,2025-04-02,2025,Q2,4,April,Apr 2025,14,3,Wednesday,False,FY2025
20250403,2025-04-03,2025,Q2,4,April,Apr 2025,14,4,Thursday,False,FY2025
20250404,2025-04-04,2025,Q2,4,April,Apr 2025,14,5,Friday,False,FY2025
20250405,2025-04-05,2025,Q2,4,April,Apr 2025,14,6,Saturday,True,FY2025
20250406,2025-04-06,2025,Q2,4,April,Apr 2025,14,7,Sunday,True,FY2025
20250407,2025-04-07,2025,Q2,4,April,Apr 2025,15,1,Monday,False,FY2025
20250408,2025-04-08,2025,Q2,4,April,Apr 2025,15,2,Tuesday,False,FY2025
20250409,2025-04-09,2025,Q2,4,April,Apr 2025,15,3,Wednesday,False,FY2025
20250410,2025-04-10,2025,Q2,4,April,Apr 2025,15,4,Thursday,False,FY2025
20250411,2025-04-11,2025,Q2,4,April,Apr 2025,15,5,Friday,False,FY2025
20250412,2025-04-12,2025,Q2,4,April,Apr 2025,15,6,Saturday,True,FY2025
20250413,2025-04-13,2025,Q2,4,April,Apr 2025,15,7,Sunday,True,FY2025
20250414,2025-04-14,2025,Q2,4,April,Apr 2025,16,1,Monday,False,FY2025
20250415,2025-04-15,2025,Q2,4,April,Apr 2025,16,2,Tuesday,False,FY2025
20250416,2025-04-16,2025,Q2,4,April,Apr 2025,16,3,Wednesday,False,FY2025
20250417,2025-04-17,2025,Q2,4,April,Apr 2025,16,4,Thursday,False,FY2025
20250418,2025-04-18,2025,Q2,4,April,Apr 2025,16,5,Friday,False,FY2025
20250419,2025-04-19,2025,Q2,4,April,Apr 2025,16,6,Saturday,True,FY2025
20250420,2025-04-20,2025,Q2,4,April,Apr 2025,16,7,Sunday,True,FY2025
20250421,2025-04-21,2025,Q2,4,April,Apr 2025,17,1,Monday,False,FY2025
20250422,2025-04-22,2025,Q2,4,April,Apr 2025,17,2,Tuesday,False,FY2025
20250423,2025-04-23,2025,Q2,4,April,Apr 2025,17,3,Wednesday,False,FY2025
20250424,2025-04-24,2025,Q2,4,April,Apr 2025,17,4,Thursday,False,FY2025
20250425,2025-04-25,2025,Q2,4,April,Apr 2025,17,5,Friday,False,FY2025
20250426,2025-04-26,2025,Q2,4,April,Apr 2025,17,6,Saturday,True,FY2025
20250427,2025-04-27,2025,Q2,4,April,Apr 2025,17,7,Sunday,True,FY2025
20250428,2025-04-28,2025,Q2,4,April,Apr 2025,18,1,Monday,False,FY2025
20250429,2025-04-29,2025,Q2,4,April,Apr 2025,18,2,Tuesday,False,FY2025
20250430,2025-04-30,2025,Q2,4,April,Apr 2025,18,3,Wednesday,False,FY2025
20250501,2025-05-01,2025,Q2,5,May,May 2025,18,4,Thursday,False,FY2025
20250502,2025-05-02,2025,Q2,5,May,May 2025,18,5,Friday,False,FY2025
20250503,2025-05-03,2025,Q2,5,May,May 2025,18,6,Saturday,True,FY2025
20250504,2025-05-04,2025,Q2,5,May,May 2025,18,7,Sunday,True,FY2025
20250505,2025-05-05,2025,Q2,5,May,May 2025,19,1,Monday,False,FY2025
20250506,2025-05-06,2025,Q2,5,May,May 2025,19,2,Tuesday,False,FY2025
20250507,2025-05-07,2025,Q2,5,May,May 2025,19,3,Wednesday,False,FY2025
20250508,2025-05-08,2025,Q2,5,May,May 2025,19,4,Thursday,False,FY2025
20250509,2025-05-09,2025,Q2,5,May,May 2025,19,5,Friday,False,FY2025
20250510,2025-05-10,2025,Q2,5,May,May 2025,19,6,Saturday,True,FY2025
20250511,2025-05-11,2025,Q2,5,May,May 2025,19,7,Sunday,True,FY2025
20250512,2025-05-12,2025,Q2,5,May,May 2025,20,1,Monday,False,FY2025
20250513,2025-05-13,2025,Q2,5,May,May 2025,20,2,Tuesday,False,FY2025
20250514,2025-05-14,2025,Q2,5,May,May 2025,20,3,Wednesday,False,FY2025
20250515,2025-05-15,2025,Q2,5,May,May 2025,20,4,Thursday,False,FY2025
20250516,2025-05-16,2025,Q2,5,May,May 2025,20,5,Friday,False,FY2025
20250517,2025-05-17,2025,Q2,5,May,May 2025,20,6,Saturday,True,FY2025
20250518,2025-05-18,2025,Q2,5,May,May 2025,20,7,Sunday,True,FY2025
20250519,2025-05-19,2025,Q2,5,May,May 2025,21,1,Monday,False,FY2025
20250520,2025-05-20,2025,Q2,5,May,May 2025,21,2,Tuesday,False,FY2025
20250521,2025-05-21,2025,Q2,5,May,May 2025,21,3,Wednesday,False,FY2025
20250522,2025-05-22,2025,Q2,5,May,May 2025,21,4,Thursday,False,FY2025
20250523,2025-05-23,2025,Q2,5,May,May 2025,21,5,Friday,False,FY2025
20250524,2025-05-24,2025,Q2,5,May,May 2025,21,6,Saturday,True,FY2025
20250525,2025-05-25,2025,Q2,5,May,May 2025,21,7,Sunday,True,FY2025
20250526,2025-05-26,2025,Q2,5,May,May 2025,22,1,Monday,False,FY2025
20250527,2025-05-27,2025,Q2,5,May,May 2025,22,2,Tuesday,False,FY2025
20250528,2025-05-28,2025,Q2,5,May,May 2025,22,3,Wednesday,False,FY2025
20250529,2025-05-29,2025,Q2,5,May,May 2025,22,4,Thursday,False,FY2025
20250530,2025-05-30,2025,Q2,5,May,May 2025,22,5,Friday,False,FY2025
20250531,2025-05-31,2025,Q2,5,May,May 2025,22,6,Saturday,True,FY2025
20250601,2025-06-01,2025,Q2,6,June,Jun 2025,22,7,Sunday,True,FY2025
20250602,2025-06-02,2025,Q2,6,June,Jun 2025,23,1,Monday,False,FY2025
20250603,2025-06-03,2025,Q2,6,June,Jun 2025,23,2,Tuesday,False,FY2025
20250604,2025-06-04,2025,Q2,6,June,Jun 2025,23,3,Wednesday,False,FY2025
20250605,2025-06-05,2025,Q2,6,June,Jun 2025,23,4,Thursday,False,FY2025
20250606,2025-06-06,2025,Q2,6,June,Jun 2025,23,5,Friday,False,FY2025
20250607,2025-06-07,2025,Q2,6,June,Jun 2025,23,6,Saturday,True,FY2025
20250608,2025-06-08,2025,Q2,6,June,Jun 2025,23,7,Sunday,True,FY2025
20250609,2025-06-09,2025,Q2,6,June,Jun 2025,24,1,Monday,False,FY2025
20250610,2025-06-10,2025,Q2,6,June,Jun 2025,24,2,Tuesday,False,FY2025
20250611,2025-06-11,2025,Q2,6,June,Jun 2025,24,3,Wednesday,False,FY2025
20250612,2025-06-12,2025,Q2,6,June,Jun 2025,24,4,Thursday,False,FY2025
20250613,2025-06-13,2025,Q2,6,June,Jun 2025,24,5,Friday,False,FY2025
20250614,2025-06-14,2025,Q2,6,June,Jun 2025,24,6,Saturday,True,FY2025
20250615,2025-06-15,2025,Q2,6,June,Jun 2025,24,7,Sunday,True,FY2025
20250616,2025-06-16,2025,Q2,6,June,Jun 2025,25,1,Monday,False,FY2025
20250617,2025-06-17,2025,Q2,6,June,Jun 2025,25,2,Tuesday,False,FY2025
20250618,2025-06-18,2025,Q2,6,June,Jun 2025,25,3,Wednesday,False,FY2025
20250619,2025-06-19,2025,Q2,6,June,Jun 2025,25,4,Thursday,False,FY2025
20250620,2025-06-20,2025,Q2,6,June,Jun 2025,25,5,Friday,False,FY2025
20250621,2025-06-21,2025,Q2,6,June,Jun 2025,25,6,Saturday,True,FY2025
20250622,2025-06-22,2025,Q2,6,June,Jun 2025,25,7,Sunday,True,FY2025
20250623,2025-06-23,2025,Q2,6,June,Jun 2025,26,1,Monday,False,FY2025
20250624,2025-06-24,2025,Q2,6,June,Jun 2025,26,2,Tuesday,False,FY2025
20250625,2025-06-25,2025,Q2,6,June,Jun 2025,26,3,Wednesday,False,FY2025
20250626,2025-06-26,2025,Q2,6,June,Jun 2025,26,4,Thursday,False,FY2025
20250627,2025-06-27,2025,Q2,6,June,Jun 2025,26,5,Friday,False,FY2025
20250628,2025-06-28,2025,Q2,6,June,Jun 2025,26,6,Saturday,True,FY2025
20250629,2025-06-29,2025,Q2,6,June,Jun 2025,26,7,Sunday,True,FY2025
20250630,2025-06-30,2025,Q2,6,June,Jun 2025,27,1,Monday,False,FY2025
20250701,2025-07-01,2025,Q3,7,July,Jul 2025,27,2,Tuesday,False,FY2026
20250702,2025-07-02,2025,Q3,7,July,Jul 2025,27,3,Wednesday,False,FY2026
20250703,2025-07-03,2025,Q3,7,July,Jul 2025,27,4,Thursday,False,FY2026
20250704,2025-07-04,2025,Q3,7,July,Jul 2025,27,5,Friday,False,FY2026
20250705,2025-07-05,2025,Q3,7,July,Jul 2025,27,6,Saturday,True,FY2026
20250706,2025-07-06,2025,Q3,7,July,Jul 2025,27,7,Sunday,True,FY2026
20250707,2025-07-07,2025,Q3,7,July,Jul 2025,28,1,Monday,False,FY2026
20250708,2025-07-08,2025,Q3,7,July,Jul 2025,28,2,Tuesday,False,FY2026
20250709,2025-07-09,2025,Q3,7,July,Jul 2025,28,3,Wednesday,False,FY2026
20250710,2025-07-10,2025,Q3,7,July,Jul 2025,28,4,Thursday,False,FY2026
20250711,2025-07-11,2025,Q3,7,July,Jul 2025,28,5,Friday,False,FY2026
20250712,2025-07-12,2025,Q3,7,July,Jul 2025,28,6,Saturday,True,FY2026
20250713,2025-07-13,2025,Q3,7,July,Jul 2025,28,7,Sunday,True,FY2026
20250714,2025-07-14,2025,Q3,7,July,Jul 2025,29,1,Monday,False,FY2026
20250715,2025-07-15,2025,Q3,7,July,Jul 2025,29,2,Tuesday,False,FY2026
20250716,2025-07-16,2025,Q3,7,July,Jul 2025,29,3,Wednesday,False,FY2026
20250717,2025-07-17,2025,Q3,7,July,Jul 2025,29,4,Thursday,False,FY2026
20250718,2025-07-18,2025,Q3,7,July,Jul 2025,29,5,Friday,False,FY2026
20250719,2025-07-19,2025,Q3,7,July,Jul 2025,29,6,Saturday,True,FY2026
20250720,2025-07-20,2025,Q3,7,July,Jul 2025,29,7,Sunday,True,FY2026
20250721,2025-07-21,2025,Q3,7,July,Jul 2025,30,1,Monday,False,FY2026
20250722,2025-07-22,2025,Q3,7,July,Jul 2025,30,2,Tuesday,False,FY2026
20250723,2025-07-23,2025,Q3,7,July,Jul 2025,30,3,Wednesday,False,FY2026
20250724,2025-07-24,2025,Q3,7,July,Jul 2025,30,4,Thursday,False,FY2026
20250725,2025-07-25,2025,Q3,7,July,Jul 2025,30,5,Friday,False,FY2026
20250726,2025-07-26,2025,Q3,7,July,Jul 2025,30,6,Saturday,True,FY2026
20250727,2025-07-27,2025,Q3,7,July,Jul 2025,30,7,Sunday,True,FY2026
20250728,2025-07-28,2025,Q3,7,July,Jul 2025,31,1,Monday,False,FY2026
20250729,2025-07-29,2025,Q3,7,July,Jul 2025,31,2,Tuesday,False,FY2026
20250730,2025-07-30,2025,Q3,7,July,Jul 2025,31,3,Wednesday,False,FY2026
20250731,2025-07-31,2025,Q3,7,July,Jul 2025,31,4,Thursday,False,FY2026
20250801,2025-08-01,2025,Q3,8,August,Aug 2025,31,5,Friday,False,FY2026
20250802,2025-08-02,2025,Q3,8,August,Aug 2025,31,6,Saturday,True,FY2026
20250803,2025-08-03,2025,Q3,8,August,Aug 2025,31,7,Sunday,True,FY2026
20250804,2025-08-04,2025,Q3,8,August,Aug 2025,32,1,Monday,False,FY2026
20250805,2025-08-05,2025,Q3,8,August,Aug 2025,32,2,Tuesday,False,FY2026
20250806,2025-08-06,2025,Q3,8,August,Aug 2025,32,3,Wednesday,False,FY2026
20250807,2025-08-07,2025,Q3,8,August,Aug 2025,32,4,Thursday,False,FY2026
20250808,2025-08-08,2025,Q3,8,August,Aug 2025,32,5,Friday,False,FY2026
20250809,2025-08-09,2025,Q3,8,August,Aug 2025,32,6,Saturday,True,FY2026
20250810,2025-08-10,2025,Q3,8,August,Aug 2025,32,7,Sunday,True,FY2026
20250811,2025-08-11,2025,Q3,8,August,Aug 2025,33,1,Monday,False,FY2026
20250812,2025-08-12,2025,Q3,8,August,Aug 2025,33,2,Tuesday,False,FY2026
20250813,2025-08-13,2025,Q3,8,August,Aug 2025,33,3,Wednesday,False,FY2026
20250814,2025-08-14,2025,Q3,8,August,Aug 2025,33,4,Thursday,False,FY2026
20250815,2025-08-15,2025,Q3,8,August,Aug 2025,33,5,Friday,False,FY2026
20250816,2025-08-16,2025,Q3,8,August,Aug 2025,33,6,Saturday,True,FY2026
20250817,2025-08-17,2025,Q3,8,August,Aug 2025,33,7,Sunday,True,FY2026
20250818,2025-08-18,2025,Q3,8,August,Aug 2025,34,1,Monday,False,FY2026
20250819,2025-08-19,2025,Q3,8,August,Aug 2025,34,2,Tuesday,False,FY2026
20250820,2025-08-20,2025,Q3,8,August,Aug 2025,34,3,Wednesday,False,FY2026
20250821,2025-08-21,2025,Q3,8,August,Aug 2025,34,4,Thursday,False,FY2026
20250822,2025-08-22,2025,Q3,8,August,Aug 2025,34,5,Friday,False,FY2026
20250823,2025-08-23,2025,Q3,8,August,Aug 2025,34,6,Saturday,True,FY2026
20250824,2025-08-24,2025,Q3,8,August,Aug 2025,34,7,Sunday,True,FY2026
20250825,2025-08-25,2025,Q3,8,August,Aug 2025,35,1,Monday,False,FY2026
20250826,2025-08-26,2025,Q3,8,August,Aug 2025,35,2,Tuesday,False,FY2026
20250827,2025-08-27,2025,Q3,8,August,Aug 2025,35,3,Wednesday,False,FY2026
20250828,2025-08-28,2025,Q3,8,August,Aug 2025,35,4,Thursday,False,FY2026
20250829,2025-08-29,2025,Q3,8,August,Aug 2025,35,5,Friday,False,FY2026
20250830,2025-08-30,2025,Q3,8,August,Aug 2025,35,6,Saturday,True,FY2026
20250831,2025-08-31,2025,Q3,8,August,Aug 2025,35,7,Sunday,True,FY2026
20250901,2025-09-01,2025,Q3,9,September,Sep 2025,36,1,Monday,False,FY2026
20250902,2025-09-02,2025,Q3,9,September,Sep 2025,36,2,Tuesday,False,FY2026
20250903,2025-09-03,2025,Q3,9,September,Sep 2025,36,3,Wednesday,False,FY2026
20250904,2025-09-04,2025,Q3,9,September,Sep 2025,36,4,Thursday,False,FY2026
20250905,2025-09-05,2025,Q3,9,September,Sep 2025,36,5,Friday,False,FY2026
20250906,2025-09-06,2025,Q3,9,September,Sep 2025,36,6,Saturday,True,FY2026
20250907,2025-09-07,2025,Q3,9,September,Sep 2025,36,7,Sunday,True,FY2026
20250908,2025-09-08,2025,Q3,9,September,Sep 2025,37,1,Monday,False,FY2026
20250909,2025-09-09,2025,Q3,9,September,Sep 2025,37,2,Tuesday,False,FY2026
20250910,2025-09-10,2025,Q3,9,September,Sep 2025,37,3,Wednesday,False,FY2026
20250911,2025-09-11,2025,Q3,9,September,Sep 2025,37,4,Thursday,False,FY2026
20250912,2025-09-12,2025,Q3,9,September,Sep 2025,37,5,Friday,False,FY2026
20250913,2025-09-13,2025,Q3,9,September,Sep 2025,37,6,Saturday,True,FY2026
20250914,2025-09-14,2025,Q3,9,September,Sep 2025,37,7,Sunday,True,FY2026
20250915,2025-09-15,2025,Q3,9,September,Sep 2025,38,1,Monday,False,FY2026
20250916,2025-09-16,2025,Q3,9,September,Sep 2025,38,2,Tuesday,False,FY2026
20250917,2025-09-17,2025,Q3,9,September,Sep 2025,38,3,Wednesday,False,FY2026
20250918,2025-09-18,2025,Q3,9,September,Sep 2025,38,4,Thursday,False,FY2026
20250919,2025-09-19,2025,Q3,9,September,Sep 2025,38,5,Friday,False,FY2026
20250920,2025-09-20,2025,Q3,9,September,Sep 2025,38,6,Saturday,True,FY2026
20250921,2025-09-21,2025,Q3,9,September,Sep 2025,38,7,Sunday,True,FY2026
20250922,2025-09-22,2025,Q3,9,September,Sep 2025,39,1,Monday,False,FY2026
20250923,2025-09-23,2025,Q3,9,September,Sep 2025,39,2,Tuesday,False,FY2026
20250924,2025-09-24,2025,Q3,9,September,Sep 2025,39,3,Wednesday,False,FY2026
20250925,2025-09-25,2025,Q3,9,September,Sep 2025,39,4,Thursday,False,FY2026
20250926,2025-09-26,2025,Q3,9,September,Sep 2025,39,5,Friday,False,FY2026
20250927,2025-09-27,2025,Q3,9,September,Sep 2025,39,6,Saturday,True,FY2026
20250928,2025-09-28,2025,Q3,9,September,Sep 2025,39,7,Sunday,True,FY2026
20250929,2025-09-29,2025,Q3,9,September,Sep 2025,40,1,Monday,False,FY2026
20250930,2025-09-30,2025,Q3,9,September,Sep 2025,40,2,Tuesday,False,FY2026
20251001,2025-10-01,2025,Q4,10,October,Oct 2025,40,3,Wednesday,False,FY2026
20251002,2025-10-02,2025,Q4,10,October,Oct 2025,40,4,Thursday,False,FY2026
20251003,2025-10-03,2025,Q4,10,October,Oct 2025,40,5,Friday,False,FY2026
20251004,2025-10-04,2025,Q4,10,October,Oct 2025,40,6,Saturday,True,FY2026
20251005,2025-10-05,2025,Q4,10,October,Oct 2025,40,7,Sunday,True,FY2026
20251006,2025-10-06,2025,Q4,10,October,Oct 2025,41,1,Monday,False,FY2026
20251007,2025-10-07,2025,Q4,10,October,Oct 2025,41,2,Tuesday,False,FY2026
20251008,2025-10-08,2025,Q4,10,October,Oct 2025,41,3,Wednesday,False,FY2026
20251009,2025-10-09,2025,Q4,10,October,Oct 2025,41,4,Thursday,False,FY2026
20251010,2025-10-10,2025,Q4,10,October,Oct 2025,41,5,Friday,False,FY2026
20251011,2025-10-11,2025,Q4,10,October,Oct 2025,41,6,Saturday,True,FY2026
20251012,2025-10-12,2025,Q4,10,October,Oct 2025,41,7,Sunday,True,FY2026
20251013,2025-10-13,2025,Q4,10,October,Oct 2025,42,1,Monday,False,FY2026
20251014,2025-10-14,2025,Q4,10,October,Oct 2025,42,2,Tuesday,False,FY2026
20251015,2025-10-15,2025,Q4,10,October,Oct 2025,42,3,Wednesday,False,FY2026
20251016,2025-10-16,2025,Q4,10,October,Oct 2025,42,4,Thursday,False,FY2026
20251017,2025-10-17,2025,Q4,10,October,Oct 2025,42,5,Friday,False,FY2026
20251018,2025-10-18,2025,Q4,10,October,Oct 2025,42,6,Saturday,True,FY2026
20251019,2025-10-19,2025,Q4,10,October,Oct 2025,42,7,Sunday,True,FY2026
20251020,2025-10-20,2025,Q4,10,October,Oct 2025,43,1,Monday,False,FY2026
20251021,2025-10-21,2025,Q4,10,October,Oct 2025,43,2,Tuesday,False,FY2026
20251022,2025-10-22,2025,Q4,10,October,Oct 2025,43,3,Wednesday,False,FY2026
20251023,2025-10-23,2025,Q4,10,October,Oct 2025,43,4,Thursday,False,FY2026
20251024,2025-10-24,2025,Q4,10,October,Oct 2025,43,5,Friday,False,FY2026
20251025,2025-10-25,2025,Q4,10,October,Oct 2025,43,6,Saturday,True,FY2026
20251026,2025-10-26,2025,Q4,10,October,Oct 2025,43,7,Sunday,True,FY2026
20251027,2025-10-27,2025,Q4,10,October,Oct 2025,44,1,Monday,False,FY2026
20251028,2025-10-28,2025,Q4,10,October,Oct 2025,44,2,Tuesday,False,FY2026
20251029,2025-10-29,2025,Q4,10,October,Oct 2025,44,3,Wednesday,False,FY2026
20251030,2025-10-30,2025,Q4,10,October,Oct 2025,44,4,Thursday,False,FY2026
20251031,2025-10-31,2025,Q4,10,October,Oct 2025,44,5,Friday,False,FY2026
20251101,2025-11-01,2025,Q4,11,November,Nov 2025,44,6,Saturday,True,FY2026
20251102,2025-11-02,2025,Q4,11,November,Nov 2025,44,7,Sunday,True,FY2026
20251103,2025-11-03,2025,Q4,11,November,Nov 2025,45,1,Monday,False,FY2026
20251104,2025-11-04,2025,Q4,11,November,Nov 2025,45,2,Tuesday,False,FY2026
20251105,2025-11-05,2025,Q4,11,November,Nov 2025,45,3,Wednesday,False,FY2026
20251106,2025-11-06,2025,Q4,11,November,Nov 2025,45,4,Thursday,False,FY2026
20251107,2025-11-07,2025,Q4,11,November,Nov 2025,45,5,Friday,False,FY2026
20251108,2025-11-08,2025,Q4,11,November,Nov 2025,45,6,Saturday,True,FY2026
20251109,2025-11-09,2025,Q4,11,November,Nov 2025,45,7,Sunday,True,FY2026
20251110,2025-11-10,2025,Q4,11,November,Nov 2025,46,1,Monday,False,FY2026
20251111,2025-11-11,2025,Q4,11,November,Nov 2025,46,2,Tuesday,False,FY2026
20251112,2025-11-12,2025,Q4,11,November,Nov 2025,46,3,Wednesday,False,FY2026
20251113,2025-11-13,2025,Q4,11,November,Nov 2025,46,4,Thursday,False,FY2026
20251114,2025-11-14,2025,Q4,11,November,Nov 2025,46,5,Friday,False,FY2026
20251115,2025-11-15,2025,Q4,11,November,Nov 2025,46,6,Saturday,True,FY2026
20251116,2025-11-16,2025,Q4,11,November,Nov 2025,46,7,Sunday,True,FY2026
20251117,2025-11-17,2025,Q4,11,November,Nov 2025,47,1,Monday,False,FY2026
20251118,2025-11-18,2025,Q4,11,November,Nov 2025,47,2,Tuesday,False,FY2026
20251119,2025-11-19,2025,Q4,11,November,Nov 2025,47,3,Wednesday,False,FY2026
20251120,2025-11-20,2025,Q4,11,November,Nov 2025,47,4,Thursday,False,FY2026
20251121,2025-11-21,2025,Q4,11,November,Nov 2025,47,5,Friday,False,FY2026
20251122,2025-11-22,2025,Q4,11,November,Nov 2025,47,6,Saturday,True,FY2026
20251123,2025-11-23,2025,Q4,11,November,Nov 2025,47,7,Sunday,True,FY2026
20251124,2025-11-24,2025,Q4,11,November,Nov 2025,48,1,Monday,False,FY2026
20251125,2025-11-25,2025,Q4,11,November,Nov 2025,48,2,Tuesday,False,FY2026
20251126,2025-11-26,2025,Q4,11,November,Nov 2025,48,3,Wednesday,False,FY2026
20251127,2025-11-27,2025,Q4,11,November,Nov 2025,48,4,Thursday,False,FY2026
20251128,2025-11-28,2025,Q4,11,November,Nov 2025,48,5,Friday,False,FY2026
20251129,2025-11-29,2025,Q4,11,November,Nov 2025,48,6,Saturday,True,FY2026
20251130,2025-11-30,2025,Q4,11,November,Nov 2025,48,7,Sunday,True,FY2026
20251201,2025-12-01,2025,Q4,12,December,Dec 2025,49,1,Monday,False,FY2026
20251202,2025-12-02,2025,Q4,12,December,Dec 2025,49,2,Tuesday,False,FY2026
20251203,2025-12-03,2025,Q4,12,December,Dec 2025,49,3,Wednesday,False,FY2026
20251204,2025-12-04,2025,Q4,12,December,Dec 2025,49,4,Thursday,False,FY2026
20251205,2025-12-05,2025,Q4,12,December,Dec 2025,49,5,Friday,False,FY2026
20251206,2025-12-06,2025,Q4,12,December,Dec 2025,49,6,Saturday,True,FY2026
20251207,2025-12-07,2025,Q4,12,December,Dec 2025,49,7,Sunday,True,FY2026
20251208,2025-12-08,2025,Q4,12,December,Dec 2025,50,1,Monday,False,FY2026
20251209,2025-12-09,2025,Q4,12,December,Dec 2025,50,2,Tuesday,False,FY2026
20251210,2025-12-10,2025,Q4,12,December,Dec 2025,50,3,Wednesday,False,FY2026
20251211,2025-12-11,2025,Q4,12,December,Dec 2025,50,4,Thursday,False,FY2026
20251212,2025-12-12,2025,Q4,12,December,Dec 2025,50,5,Friday,False,FY2026
20251213,2025-12-13,2025,Q4,12,December,Dec 2025,50,6,Saturday,True,FY2026
20251214,2025-12-14,2025,Q4,12,December,Dec 2025,50,7,Sunday,True,FY2026
20251215,2025-12-15,2025,Q4,12,December,Dec 2025,51,1,Monday,False,FY2026
20251216,2025-12-16,2025,Q4,12,December,Dec 2025,51,2,Tuesday,False,FY2026
20251217,2025-12-17,2025,Q4,12,December,Dec 2025,51,3,Wednesday,False,FY2026
20251218,2025-12-18,2025,Q4,12,December,Dec 2025,51,4,Thursday,False,FY2026
20251219,2025-12-19,2025,Q4,12,December,Dec 2025,51,5,Friday,False,FY2026
20251220,2025-12-20,2025,Q4,12,December,Dec 2025,51,6,Saturday,True,FY2026
20251221,2025-12-21,2025,Q4,12,December,Dec 2025,51,7,Sunday,True,FY2026
20251222,2025-12-22,2025,Q4,12,December,Dec 2025,52,1,Monday,False,FY2026
20251223,2025-12-23,2025,Q4,12,December,Dec 2025,52,2,Tuesday,False,FY2026
20251224,2025-12-24,2025,Q4,12,December,Dec 2025,52,3,Wednesday,False,FY2026
20251225,2025-12-25,2025,Q4,12,December,Dec 2025,52,4,Thursday,False,FY2026
20251226,2025-12-26,2025,Q4,12,December,Dec 2025,52,5,Friday,False,FY2026
20251227,2025-12-27,2025,Q4,12,December,Dec 2025,52,6,Saturday,True,FY2026
20251228,2025-12-28,2025,Q4,12,December,Dec 2025,52,7,Sunday,True,FY2026
20251229,2025-12-29,2025,Q4,12,December,Dec 2025,1,1,Monday,False,FY2026
20251230,2025-12-30,2025,Q4,12,December,Dec 2025,1,2,Tuesday,False,FY2026
20251231,2025-12-31,2025,Q4,12,December,Dec 2025,1,3,Wednesday,False,FY2026
20260101,2026-01-01,2026,Q1,1,January,Jan 2026,1,4,Thursday,False,FY2026
20260102,2026-01-02,2026,Q1,1,January,Jan 2026,1,5,Friday,False,FY2026
20260103,2026-01-03,2026,Q1,1,January,Jan 2026,1,6,Saturday,True,FY2026
20260104,2026-01-04,2026,Q1,1,January,Jan 2026,1,7,Sunday,True,FY2026
20260105,2026-01-05,2026,Q1,1,January,Jan 2026,2,1,Monday,False,FY2026
20260106,2026-01-06,2026,Q1,1,January,Jan 2026,2,2,Tuesday,False,FY2026
20260107,2026-01-07,2026,Q1,1,January,Jan 2026,2,3,Wednesday,False,FY2026
20260108,2026-01-08,2026,Q1,1,January,Jan 2026,2,4,Thursday,False,FY2026
20260109,2026-01-09,2026,Q1,1,January,Jan 2026,2,5,Friday,False,FY2026
20260110,2026-01-10,2026,Q1,1,January,Jan 2026,2,6,Saturday,True,FY2026
20260111,2026-01-11,2026,Q1,1,January,Jan 2026,2,7,Sunday,True,FY2026
20260112,2026-01-12,2026,Q1,1,January,Jan 2026,3,1,Monday,False,FY2026
20260113,2026-01-13,2026,Q1,1,January,Jan 2026,3,2,Tuesday,False,FY2026
20260114,2026-01-14,2026,Q1,1,January,Jan 2026,3,3,Wednesday,False,FY2026
20260115,2026-01-15,2026,Q1,1,January,Jan 2026,3,4,Thursday,False,FY2026
20260116,2026-01-16,2026,Q1,1,January,Jan 2026,3,5,Friday,False,FY2026
20260117,2026-01-17,2026,Q1,1,January,Jan 2026,3,6,Saturday,True,FY2026
20260118,2026-01-18,2026,Q1,1,January,Jan 2026,3,7,Sunday,True,FY2026
20260119,2026-01-19,2026,Q1,1,January,Jan 2026,4,1,Monday,False,FY2026
20260120,2026-01-20,2026,Q1,1,January,Jan 2026,4,2,Tuesday,False,FY2026
20260121,2026-01-21,2026,Q1,1,January,Jan 2026,4,3,Wednesday,False,FY2026
20260122,2026-01-22,2026,Q1,1,January,Jan 2026,4,4,Thursday,False,FY2026
20260123,2026-01-23,2026,Q1,1,January,Jan 2026,4,5,Friday,False,FY2026
20260124,2026-01-24,2026,Q1,1,January,Jan 2026,4,6,Saturday,True,FY2026
20260125,2026-01-25,2026,Q1,1,January,Jan 2026,4,7,Sunday,True,FY2026
20260126,2026-01-26,2026,Q1,1,January,Jan 2026,5,1,Monday,False,FY2026
20260127,2026-01-27,2026,Q1,1,January,Jan 2026,5,2,Tuesday,False,FY2026
20260128,2026-01-28,2026,Q1,1,January,Jan 2026,5,3,Wednesday,False,FY2026
20260129,2026-01-29,2026,Q1,1,January,Jan 2026,5,4,Thursday,False,FY2026
20260130,2026-01-30,2026,Q1,1,January,Jan 2026,5,5,Friday,False,FY2026
20260131,2026-01-31,2026,Q1,1,January,Jan 2026,5,6,Saturday,True,FY2026
20260201,2026-02-01,2026,Q1,2,February,Feb 2026,5,7,Sunday,True,FY2026
20260202,2026-02-02,2026,Q1,2,February,Feb 2026,6,1,Monday,False,FY2026
20260203,2026-02-03,2026,Q1,2,February,Feb 2026,6,2,Tuesday,False,FY2026
20260204,2026-02-04,2026,Q1,2,February,Feb 2026,6,3,Wednesday,False,FY2026
20260205,2026-02-05,2026,Q1,2,February,Feb 2026,6,4,Thursday,False,FY2026
20260206,2026-02-06,2026,Q1,2,February,Feb 2026,6,5,Friday,False,FY2026
20260207,2026-02-07,2026,Q1,2,February,Feb 2026,6,6,Saturday,True,FY2026
20260208,2026-02-08,2026,Q1,2,February,Feb 2026,6,7,Sunday,True,FY2026
20260209,2026-02-09,2026,Q1,2,February,Feb 2026,7,1,Monday,False,FY2026
20260210,2026-02-10,2026,Q1,2,February,Feb 2026,7,2,Tuesday,False,FY2026
20260211,2026-02-11,2026,Q1,2,February,Feb 2026,7,3,Wednesday,False,FY2026
20260212,2026-02-12,2026,Q1,2,February,Feb 2026,7,4,Thursday,False,FY2026
20260213,2026-02-13,2026,Q1,2,February,Feb 2026,7,5,Friday,False,FY2026
20260214,2026-02-14,2026,Q1,2,February,Feb 2026,7,6,Saturday,True,FY2026
20260215,2026-02-15,2026,Q1,2,February,Feb 2026,7,7,Sunday,True,FY2026
20260216,2026-02-16,2026,Q1,2,February,Feb 2026,8,1,Monday,False,FY2026
20260217,2026-02-17,2026,Q1,2,February,Feb 2026,8,2,Tuesday,False,FY2026
20260218,2026-02-18,2026,Q1,2,February,Feb 2026,8,3,Wednesday,False,FY2026
20260219,2026-02-19,2026,Q1,2,February,Feb 2026,8,4,Thursday,False,FY2026
20260220,2026-02-20,2026,Q1,2,February,Feb 2026,8,5,Friday,False,FY2026
20260221,2026-02-21,2026,Q1,2,February,Feb 2026,8,6,Saturday,True,FY2026
20260222,2026-02-22,2026,Q1,2,February,Feb 2026,8,7,Sunday,True,FY2026
20260223,2026-02-23,2026,Q1,2,February,Feb 2026,9,1,Monday,False,FY2026
20260224,2026-02-24,2026,Q1,2,February,Feb 2026,9,2,Tuesday,False,FY2026
20260225,2026-02-25,2026,Q1,2,February,Feb 2026,9,3,Wednesday,False,FY2026
20260226,2026-02-26,2026,Q1,2,February,Feb 2026,9,4,Thursday,False,FY2026
20260227,2026-02-27,2026,Q1,2,February,Feb 2026,9,5,Friday,False,FY2026
20260228,2026-02-28,2026,Q1,2,February,Feb 2026,9,6,Saturday,True,FY2026
20260301,2026-03-01,2026,Q1,3,March,Mar 2026,9,7,Sunday,True,FY2026
20260302,2026-03-02,2026,Q1,3,March,Mar 2026,10,1,Monday,False,FY2026
20260303,2026-03-03,2026,Q1,3,March,Mar 2026,10,2,Tuesday,False,FY2026
20260304,2026-03-04,2026,Q1,3,March,Mar 2026,10,3,Wednesday,False,FY2026
20260305,2026-03-05,2026,Q1,3,March,Mar 2026,10,4,Thursday,False,FY2026
20260306,2026-03-06,2026,Q1,3,March,Mar 2026,10,5,Friday,False,FY2026
20260307,2026-03-07,2026,Q1,3,March,Mar 2026,10,6,Saturday,True,FY2026
20260308,2026-03-08,2026,Q1,3,March,Mar 2026,10,7,Sunday,True,FY2026
20260309,2026-03-09,2026,Q1,3,March,Mar 2026,11,1,Monday,False,FY2026
20260310,2026-03-10,2026,Q1,3,March,Mar 2026,11,2,Tuesday,False,FY2026
20260311,2026-03-11,2026,Q1,3,March,Mar 2026,11,3,Wednesday,False,FY2026
20260312,2026-03-12,2026,Q1,3,March,Mar 2026,11,4,Thursday,False,FY2026
20260313,2026-03-13,2026,Q1,3,March,Mar 2026,11,5,Friday,False,FY2026
20260314,2026-03-14,2026,Q1,3,March,Mar 2026,11,6,Saturday,True,FY2026
20260315,2026-03-15,2026,Q1,3,March,Mar 2026,11,7,Sunday,True,FY2026
20260316,2026-03-16,2026,Q1,3,March,Mar 2026,12,1,Monday,False,FY2026
20260317,2026-03-17,2026,Q1,3,March,Mar 2026,12,2,Tuesday,False,FY2026
20260318,2026-03-18,2026,Q1,3,March,Mar 2026,12,3,Wednesday,False,FY2026
20260319,2026-03-19,2026,Q1,3,March,Mar 2026,12,4,Thursday,False,FY2026
20260320,2026-03-20,2026,Q1,3,March,Mar 2026,12,5,Friday,False,FY2026
20260321,2026-03-21,2026,Q1,3,March,Mar 2026,12,6,Saturday,True,FY2026
20260322,2026-03-22,2026,Q1,3,March,Mar 2026,12,7,Sunday,True,FY2026
20260323,2026-03-23,2026,Q1,3,March,Mar 2026,13,1,Monday,False,FY2026
20260324,2026-03-24,2026,Q1,3,March,Mar 2026,13,2,Tuesday,False,FY2026
20260325,2026-03-25,2026,Q1,3,March,Mar 2026,13,3,Wednesday,False,FY2026
20260326,2026-03-26,2026,Q1,3,March,Mar 2026,13,4,Thursday,False,FY2026
20260327,2026-03-27,2026,Q1,3,March,Mar 2026,13,5,Friday,False,FY2026
20260328,2026-03-28,2026,Q1,3,March,Mar 2026,13,6,Saturday,True,FY2026
20260329,2026-03-29,2026,Q1,3,March,Mar 2026,13,7,Sunday,True,FY2026
20260330,2026-03-30,2026,Q1,3,March,Mar 2026,14,1,Monday,False,FY2026
20260331,2026-03-31,2026,Q1,3,March,Mar 2026,14,2,Tuesday,False,FY2026
20260401,2026-04-01,2026,Q2,4,April,Apr 2026,14,3,Wednesday,False,FY2026
20260402,2026-04-02,2026,Q2,4,April,Apr 2026,14,4,Thursday,False,FY2026
20260403,2026-04-03,2026,Q2,4,April,Apr 2026,14,5,Friday,False,FY2026
20260404,2026-04-04,2026,Q2,4,April,Apr 2026,14,6,Saturday,True,FY2026
20260405,2026-04-05,2026,Q2,4,April,Apr 2026,14,7,Sunday,True,FY2026
20260406,2026-04-06,2026,Q2,4,April,Apr 2026,15,1,Monday,False,FY2026
20260407,2026-04-07,2026,Q2,4,April,Apr 2026,15,2,Tuesday,False,FY2026
20260408,2026-04-08,2026,Q2,4,April,Apr 2026,15,3,Wednesday,False,FY2026
20260409,2026-04-09,2026,Q2,4,April,Apr 2026,15,4,Thursday,False,FY2026
20260410,2026-04-10,2026,Q2,4,April,Apr 2026,15,5,Friday,False,FY2026
20260411,2026-04-11,2026,Q2,4,April,Apr 2026,15,6,Saturday,True,FY2026
20260412,2026-04-12,2026,Q2,4,April,Apr 2026,15,7,Sunday,True,FY2026
20260413,2026-04-13,2026,Q2,4,April,Apr 2026,16,1,Monday,False,FY2026
20260414,2026-04-14,2026,Q2,4,April,Apr 2026,16,2,Tuesday,False,FY2026
20260415,2026-04-15,2026,Q2,4,April,Apr 2026,16,3,Wednesday,False,FY2026
20260416,2026-04-16,2026,Q2,4,April,Apr 2026,16,4,Thursday,False,FY2026
20260417,2026-04-17,2026,Q2,4,April,Apr 2026,16,5,Friday,False,FY2026
20260418,2026-04-18,2026,Q2,4,April,Apr 2026,16,6,Saturday,True,FY2026
20260419,2026-04-19,2026,Q2,4,April,Apr 2026,16,7,Sunday,True,FY2026
20260420,2026-04-20,2026,Q2,4,April,Apr 2026,17,1,Monday,False,FY2026
20260421,2026-04-21,2026,Q2,4,April,Apr 2026,17,2,Tuesday,False,FY2026
20260422,2026-04-22,2026,Q2,4,April,Apr 2026,17,3,Wednesday,False,FY2026
20260423,2026-04-23,2026,Q2,4,April,Apr 2026,17,4,Thursday,False,FY2026
20260424,2026-04-24,2026,Q2,4,April,Apr 2026,17,5,Friday,False,FY2026
20260425,2026-04-25,2026,Q2,4,April,Apr 2026,17,6,Saturday,True,FY2026
20260426,2026-04-26,2026,Q2,4,April,Apr 2026,17,7,Sunday,True,FY2026
20260427,2026-04-27,2026,Q2,4,April,Apr 2026,18,1,Monday,False,FY2026
20260428,2026-04-28,2026,Q2,4,April,Apr 2026,18,2,Tuesday,False,FY2026
20260429,2026-04-29,2026,Q2,4,April,Apr 2026,18,3,Wednesday,False,FY2026
20260430,2026-04-30,2026,Q2,4,April,Apr 2026,18,4,Thursday,False,FY2026
20260501,2026-05-01,2026,Q2,5,May,May 2026,18,5,Friday,False,FY2026
20260502,2026-05-02,2026,Q2,5,May,May 2026,18,6,Saturday,True,FY2026
20260503,2026-05-03,2026,Q2,5,May,May 2026,18,7,Sunday,True,FY2026
20260504,2026-05-04,2026,Q2,5,May,May 2026,19,1,Monday,False,FY2026
20260505,2026-05-05,2026,Q2,5,May,May 2026,19,2,Tuesday,False,FY2026
20260506,2026-05-06,2026,Q2,5,May,May 2026,19,3,Wednesday,False,FY2026
20260507,2026-05-07,2026,Q2,5,May,May 2026,19,4,Thursday,False,FY2026
20260508,2026-05-08,2026,Q2,5,May,May 2026,19,5,Friday,False,FY2026
20260509,2026-05-09,2026,Q2,5,May,May 2026,19,6,Saturday,True,FY2026
20260510,2026-05-10,2026,Q2,5,May,May 2026,19,7,Sunday,True,FY2026
20260511,2026-05-11,2026,Q2,5,May,May 2026,20,1,Monday,False,FY2026
20260512,2026-05-12,2026,Q2,5,May,May 2026,20,2,Tuesday,False,FY2026
20260513,2026-05-13,2026,Q2,5,May,May 2026,20,3,Wednesday,False,FY2026
20260514,2026-05-14,2026,Q2,5,May,May 2026,20,4,Thursday,False,FY2026
20260515,2026-05-15,2026,Q2,5,May,May 2026,20,5,Friday,False,FY2026
20260516,2026-05-16,2026,Q2,5,May,May 2026,20,6,Saturday,True,FY2026
20260517,2026-05-17,2026,Q2,5,May,May 2026,20,7,Sunday,True,FY2026
20260518,2026-05-18,2026,Q2,5,May,May 2026,21,1,Monday,False,FY2026
20260519,2026-05-19,2026,Q2,5,May,May 2026,21,2,Tuesday,False,FY2026
20260520,2026-05-20,2026,Q2,5,May,May 2026,21,3,Wednesday,False,FY2026
20260521,2026-05-21,2026,Q2,5,May,May 2026,21,4,Thursday,False,FY2026
20260522,2026-05-22,2026,Q2,5,May,May 2026,21,5,Friday,False,FY2026
20260523,2026-05-23,2026,Q2,5,May,May 2026,21,6,Saturday,True,FY2026
20260524,2026-05-24,2026,Q2,5,May,May 2026,21,7,Sunday,True,FY2026
20260525,2026-05-25,2026,Q2,5,May,May 2026,22,1,Monday,False,FY2026
20260526,2026-05-26,2026,Q2,5,May,May 2026,22,2,Tuesday,False,FY2026
20260527,2026-05-27,2026,Q2,5,May,May 2026,22,3,Wednesday,False,FY2026
20260528,2026-05-28,2026,Q2,5,May,May 2026,22,4,Thursday,False,FY2026
20260529,2026-05-29,2026,Q2,5,May,May 2026,22,5,Friday,False,FY2026
20260530,2026-05-30,2026,Q2,5,May,May 2026,22,6,Saturday,True,FY2026
20260531,2026-05-31,2026,Q2,5,May,May 2026,22,7,Sunday,True,FY2026
